{"train_loss": [0.06540297339542853, 0.013860180920353755, 0.005453332138414021, 0.005124238363655585, 0.0037971696170740333, 0.0017213737211785823, 0.00340684941652448, 0.0011503689545258055], "val_loss": [0.026254996692378976, 0.027627301053144038, 0.02596032125048458, 0.05525646877525629, 0.03788647745245519, 0.0552800741148556, 0.04872428639456561, 0.04827262034560473], "train_accuracy": [0.9779219332924995, 0.9959351857007629, 0.9986079403084804, 0.9982181635948549, 0.9986079403084804, 0.9995545408987138, 0.9990255582159363, 0.9996380644802049], "val_accuracy": [0.9920935412026726, 0.9912026726057906, 0.9932071269487751, 0.9869710467706013, 0.9933184855233853, 0.9904231625835189, 0.9927616926503341, 0.9925389755011136], "train_precision": [0.9779872326258313, 0.9959353058262839, 0.9986079503398892, 0.9982183004612899, 0.9986079503398892, 0.9995545610141351, 0.9990255840702426, 0.9996380813319201], "val_precision": [0.9921017996499132, 0.9912650529115762, 0.9932075286869219, 0.987136306279048, 0.9933340225748639, 0.9904516938972712, 0.9927617198717203, 0.99253899668068], "train_recall": [0.9779219332924995, 0.9959351857007629, 0.9986079403084804, 0.9982181635948549, 0.9986079403084804, 0.9995545408987138, 0.9990255582159363, 0.9996380644802049], "val_recall": [0.9920935412026726, 0.9912026726057906, 0.9932071269487751, 0.9869710467706013, 0.9933184855233853, 0.9904231625835189, 0.9927616926503341, 0.9925389755011136], "train_f1": [0.9779268941424539, 0.9959352179107505, 0.9986079329111477, 0.9982181823985365, 0.9986079329111477, 0.9995545385315673, 0.999025551739468, 0.9996380659167534], "val_f1": [0.9920941103953842, 0.9912043263455388, 0.9932072168011746, 0.9869649480645083, 0.9933191506145175, 0.9904214748456159, 0.992761595282564, 0.9925388751374123]}