{"train_loss": [0.3449513323585157, 0.3272861057058149, 0.3246650722073532, 0.3221029584044765, 0.32113607815621903, 0.3202851501990936, 0.31824758046456775, 0.31663990466592573, 0.31572430484653685, 0.31574858376094517, 0.3157502035689163, 0.3152106508864745, 0.3145470682627796, 0.3145076437975186, 0.31423313394255226, 0.3143569268982854, 0.3142462029907179, 0.3142141187870386, 0.31413620760795374, 0.31413281078011673], "val_loss": [0.327921516106222, 0.3268417429669472, 0.32307440774296525, 0.32335814844246863, 0.32296848021368113, 0.3223692223270593, 0.3209197270912632, 0.32104781609413036, 0.3229099569371587, 0.3217672140360727, 0.3213335138835092, 0.3206721937741249, 0.3201287836366701, 0.31997446010545477, 0.31995952606625405, 0.31986688305474686, 0.31955948365964926, 0.3194399333933494, 0.3194865578009989, 0.31963711414897145], "train_accuracy": [0.9685116097778272, 0.9854112144328748, 0.9883066985912355, 0.9908680884236316, 0.992037418564508, 0.9927612896040983, 0.994738014366056, 0.9966312155465227, 0.9975221337490952, 0.9975221337490952, 0.9974386101676039, 0.998078957625703, 0.9988028286652931, 0.9987749874714628, 0.9991090817974275, 0.9989141934406147, 0.999081240603597, 0.999081240603597, 0.9991647641850883, 0.9991647641850883], "val_accuracy": [0.9848552338530067, 0.9865256124721603, 0.9896436525612472, 0.9898663697104677, 0.9899777282850779, 0.9905345211581291, 0.9919821826280624, 0.9915367483296214, 0.9898663697104677, 0.9912026726057906, 0.9917594654788419, 0.9925389755011136, 0.9925389755011136, 0.9927616926503341, 0.9926503340757238, 0.9928730512249443, 0.9937639198218263, 0.9934298440979955, 0.9937639198218263, 0.9930957683741648], "train_precision": [0.9685412883603157, 0.9854112978076097, 0.9883085300172805, 0.9908688661583407, 0.9920392080455656, 0.992762131039379, 0.9947383538030871, 0.996631256224804, 0.9975223180853663, 0.9975223180853663, 0.9974387634093973, 0.9980793822296532, 0.9988035787954376, 0.9987755480556342, 0.9991094188309618, 0.9989144928532783, 0.9990815343480158, 0.9990815343480158, 0.9991650141061612, 0.9991650991863009], "val_precision": [0.98485559956074, 0.9867364266764806, 0.9896435951971554, 0.9899448821467054, 0.9899837458780777, 0.9905347095568919, 0.9919831766760123, 0.9915609728395848, 0.9899204417618925, 0.9912137876873983, 0.9917594166361462, 0.9925399189316826, 0.9925645354460264, 0.9927653622731741, 0.9926576436692935, 0.9928912444326681, 0.9937639070302186, 0.9934334523880579, 0.9937641288545777, 0.993122805032749], "train_recall": [0.9685116097778272, 0.9854112144328748, 0.9883066985912355, 0.9908680884236316, 0.992037418564508, 0.9927612896040983, 0.994738014366056, 0.9966312155465227, 0.9975221337490952, 0.9975221337490952, 0.9974386101676039, 0.998078957625703, 0.9988028286652931, 0.9987749874714628, 0.9991090817974275, 0.9989141934406147, 0.999081240603597, 0.999081240603597, 0.9991647641850883, 0.9991647641850883], "val_recall": [0.9848552338530067, 0.9865256124721603, 0.9896436525612472, 0.9898663697104677, 0.9899777282850779, 0.9905345211581291, 0.9919821826280624, 0.9915367483296214, 0.9898663697104677, 0.9912026726057906, 0.9917594654788419, 0.9925389755011136, 0.9925389755011136, 0.9927616926503341, 0.9926503340757238, 0.9928730512249443, 0.9937639198218263, 0.9934298440979955, 0.9937639198218263, 0.9930957683741648], "train_f1": [0.9685161563777126, 0.9854112530582755, 0.9883070953683757, 0.9908682802492573, 0.9920377091865018, 0.9927614604647695, 0.9947380905837833, 0.996631228917472, 0.9975221631491709, 0.9975221631491709, 0.9974386371978959, 0.9980789954796517, 0.9988028615737907, 0.9987750163863456, 0.9991090981922509, 0.9989142120055927, 0.9990812563124244, 0.9990812563124244, 0.9991647773751421, 0.9991647795552353], "val_f1": [0.9848553677814973, 0.9865296759052765, 0.9896435132504379, 0.9898684662952332, 0.9899783277140816, 0.990534307766796, 0.9919818910219734, 0.9915377824223129, 0.9898638584260417, 0.991201714897224, 0.9917593917845691, 0.9925391390554682, 0.9925399146436144, 0.9927620357777835, 0.9926508335250014, 0.9928738151599668, 0.9937638640531875, 0.9934301555521421, 0.9937639749688519, 0.9930966627148585]}