{"train_loss": [0.3763986491297147, 0.18982967208881837, 0.13529870761616467, 0.10576175766949768, 0.08672715160740292, 0.07321355127640738, 0.06325451534768883, 0.05556319888518627, 0.04941838334015142, 0.04446117144960409, 0.04045184247340022, 0.037032087505168926, 0.03417003788145214, 0.03161257031172156, 0.02946551819871, 0.027495957734370115, 0.02583099578947612, 0.02432104575452714, 0.022938317526795322, 0.02169141569921211], "val_loss": [0.2405627769189373, 0.16228337986295333, 0.12550275206724945, 0.10283578151432644, 0.08751253403882327, 0.07650568052543015, 0.06818745677024657, 0.06178718913359786, 0.056739420401350035, 0.05264076657487192, 0.049292003600013, 0.046489490742970825, 0.044095964898484566, 0.04211030023013411, 0.04020040055730271, 0.03859725632303762, 0.03739237668509744, 0.03604624872725603, 0.03488005419987589, 0.0338861429036406], "train_accuracy": [0.9294225736399577, 0.9619132468400245, 0.9727713124338772, 0.9788128514950721, 0.982432206693023, 0.9855782615958573, 0.9874436215824934, 0.9893646639567905, 0.9909237708112923, 0.9922323069213208, 0.9930953839300629, 0.9938749373573139, 0.9946823319783953, 0.9953783618241551, 0.9958238209254413, 0.9963806448020491, 0.9965755331588618, 0.996798262709505, 0.9970766746478089, 0.9972437218107912], "val_accuracy": [0.950890868596882, 0.9653674832962138, 0.9721603563474388, 0.9776169265033408, 0.9800668151447661, 0.9826280623608018, 0.9840757238307349, 0.9854120267260579, 0.9863028953229399, 0.987305122494432, 0.9879732739420936, 0.989532293986637, 0.9898663697104677, 0.9900890868596882, 0.9904231625835189, 0.9907572383073496, 0.9909799554565701, 0.9908685968819599, 0.9916481069042317, 0.9917594654788419], "train_precision": [0.9298905833530399, 0.961951559165266, 0.9728002688475874, 0.9788227851971241, 0.9824463936846554, 0.9855878351959443, 0.9874517278830146, 0.989370619060729, 0.9909274715664674, 0.992235435870341, 0.9930977771385904, 0.9938775103859426, 0.9946831546601361, 0.9953787304841585, 0.9958241756161587, 0.9963807078568117, 0.9965756723083522, 0.9967983977602894, 0.9970769467773621, 0.9972439891326673], "val_precision": [0.9509376671257547, 0.9654486865208478, 0.9721746862535986, 0.977678654378424, 0.9801099786803937, 0.9826812445650196, 0.9841032119224717, 0.9854392103735595, 0.9863443682849584, 0.9873335117468237, 0.9880085234896525, 0.9895461082020013, 0.9898993187895281, 0.9901256595646679, 0.9904446396877026, 0.9907697123965884, 0.9910058705864242, 0.990889980463362, 0.9916583326240167, 0.9917686975944917], "train_recall": [0.9294225736399577, 0.9619132468400245, 0.9727713124338772, 0.9788128514950721, 0.982432206693023, 0.9855782615958573, 0.9874436215824934, 0.9893646639567905, 0.9909237708112923, 0.9922323069213208, 0.9930953839300629, 0.9938749373573139, 0.9946823319783953, 0.9953783618241551, 0.9958238209254413, 0.9963806448020491, 0.9965755331588618, 0.996798262709505, 0.9970766746478089, 0.9972437218107912], "val_recall": [0.950890868596882, 0.9653674832962138, 0.9721603563474388, 0.9776169265033408, 0.9800668151447661, 0.9826280623608018, 0.9840757238307349, 0.9854120267260579, 0.9863028953229399, 0.987305122494432, 0.9879732739420936, 0.989532293986637, 0.9898663697104677, 0.9900890868596882, 0.9904231625835189, 0.9907572383073496, 0.9909799554565701, 0.9908685968819599, 0.9916481069042317, 0.9917594654788419], "train_f1": [0.9293359390539944, 0.9619193924235652, 0.9727752750742625, 0.9788146069012527, 0.9824340448270774, 0.9855795093248887, 0.9874446311326467, 0.9893654009278168, 0.990924263550232, 0.9922326992088061, 0.99309568884068, 0.99387522340937, 0.9946824643895963, 0.9953784348091194, 0.99582388687571, 0.9963806639447286, 0.9965755647986023, 0.9967982922913763, 0.9970767169909908, 0.9972437617343627], "val_f1": [0.9508981108154115, 0.9653744336733368, 0.9721626934264755, 0.9776209885649373, 0.9800698942724477, 0.9826310423125597, 0.9840777282692066, 0.9854138629599025, 0.9863050111481066, 0.9873067669273206, 0.987975005001111, 0.9895332548668208, 0.9898677921872413, 0.9900905484412056, 0.990424261407926, 0.9907580505959209, 0.9909810908378024, 0.990869644598255, 0.9916487749479875, 0.9917600917712546]}