{"train_loss": [0.07164237025421517, 0.012692311634808119, 0.0056425362916876455, 0.004889637169592957, 0.004560169238840592, 0.002906266342567017, 0.0010970292000520175], "val_loss": [0.031717488084720066, 0.029048660191374018, 0.039805220323156795, 0.03657725496427912, 0.04424591619626488, 0.035028972076830554, 0.038808479993919114], "train_accuracy": [0.9754719082354252, 0.9961300740575756, 0.9983852107578373, 0.9984687343393285, 0.9984130519516677, 0.999081240603597, 0.9997215880616961], "val_accuracy": [0.9902004454342984, 0.9910913140311804, 0.9902004454342984, 0.9913140311804008, 0.9903118040089087, 0.9927616926503341, 0.9932071269487751], "train_precision": [0.9755961654531737, 0.9961302912516682, 0.9983853441152669, 0.9984687399472825, 0.9984130696402268, 0.999081247255781, 0.9997215927973732], "val_precision": [0.9902389011240484, 0.9910913140311804, 0.9902389011240484, 0.9913233274093476, 0.9903207408221867, 0.992764254574623, 0.9932072118601464], "train_recall": [0.9754719082354252, 0.9961300740575756, 0.9983852107578373, 0.9984687343393285, 0.9984130519516677, 0.999081240603597, 0.9997215880616961], "val_recall": [0.9902004454342984, 0.9910913140311804, 0.9902004454342984, 0.9913140311804008, 0.9903118040089087, 0.9927616926503341, 0.9932071269487751], "train_f1": [0.9754792693608417, 0.9961301199745478, 0.9983852277986736, 0.9984687363676199, 0.9984130414042764, 0.9990812369440686, 0.9997215873228319], "val_f1": [0.9902019250164027, 0.9910913140311804, 0.9902019250164027, 0.9913146913264574, 0.990310846102617, 0.9927619750139578, 0.9932071570688445]}